Word,Sound,Block.Type,phon_ctxt_stress,onset_has_nasal,onset_has_lateral,onset_has_rhotic,coda_has_nasal,coda_has_lateral,coda_has_rhotic,coda_has_fricative,has_long_vowel,syllable,burst,closure,vowel,Item.Word,Item.WordID,Item.MinimalPair
profound,/d/,exposure,yes,no,no,no,yes,no,no,no,yes,2,0.063,0.095,0.187,profound,NA,NA
mound,/d/,test,yes,yes,no,no,yes,no,no,no,yes,1,0.052,0.054,0.233,mound,E63,E31
mount,/t/,test,yes,yes,no,no,yes,no,no,no,yes,1,0.105,0.082,0.228,mount,E64,E31
alongside,/d/,exposure,yes,no,no,no,no,no,no,no,yes,3,0.06,0.053,0.205,alongside,NA,NA
coat,/t/,test,yes,no,no,no,no,no,no,no,yes,1,0.131,0.053,0.216,coat,E7,E5
code,/d/,test,yes,no,no,no,no,no,no,no,yes,1,0.068,0.065,0.177,code,E9,E5
coincide,/d/,exposure,yes,no,no,no,no,no,no,no,yes,3,0.097,0.02,0.208,coincide,NA,NA
episode,/d/,exposure,yes,no,no,no,no,no,no,no,yes,3,0.082,0.027,0.156,episode,NA,NA
fried,/d/,test,yes,no,no,yes,no,no,no,no,yes,1,0.055,0.074,0.138,fried,E30,E15
fright,/t/,test,yes,no,no,yes,no,no,no,no,yes,1,0.125,0.077,0.175,fright,E31,E15
height,/t/,test,yes,no,no,no,no,no,no,no,yes,1,0.132,0.076,0.229,height,E38,E21
hide,/d/,test,yes,no,no,no,no,no,no,no,yes,1,0.086,0.039,0.227,hide,E41,E21
oat,/t/,test,yes,no,no,no,no,no,no,no,yes,1,0.133,0.06,0.266,oat,E72,E36
owed,/d/,test,yes,no,no,no,no,no,no,no,yes,1,0.057,0.07,0.228,owed,E73,E36
qualified,/d/,exposure,yes,no,no,no,no,no,no,no,yes,3,0.075,0.033,0.204,qualified,NA,NA
riverside,/d/,exposure,no,no,no,no,no,no,no,no,yes,3,0.085,0.016,0.203,riverside,NA,NA
side,/d/,test,yes,no,no,no,no,no,no,no,yes,1,0.046,0.061,0.229,side,E100,E51
sight,/t/,test,yes,no,no,no,no,no,no,no,yes,1,0.151,0.031,0.27,sight,E101,E51
white,/t/,test,yes,no,no,no,no,no,no,no,yes,1,0.13,0.047,0.22,white,E118,E60
wide,/d/,test,yes,no,no,no,no,no,no,no,yes,1,0.069,0.068,0.196,wide,E119,E60
moat,/t/,test,yes,yes,no,no,no,no,no,no,yes,1,0.142,0.063,0.23,moat,E59,E29
mode,/d/,test,yes,yes,no,no,no,no,no,no,yes,1,0.08,0.062,0.206,mode,E60,E29
node,/d/,test,yes,yes,no,no,no,no,no,no,yes,1,0.07,0.08,0.184,node,E70,E35
overload,/d/,exposure,yes,no,yes,no,no,no,no,no,yes,3,0.075,0.026,0.229,overload,NA,NA
slide,/d/,test,yes,no,yes,no,no,no,no,no,yes,1,0.073,0.052,0.196,slide,E105,E54
slight,/t/,test,yes,no,yes,no,no,no,no,no,yes,1,0.135,0.034,0.224,slight,E106,E53
unemployed,/d/,exposure,yes,no,yes,no,no,no,no,no,yes,3,0.077,0.039,0.232,unemployed,NA,NA
railroad,/d/,exposure,yes,no,no,yes,no,no,no,no,yes,2,0.066,0.031,0.121,railroad,NA,NA
ride,/d/,test,yes,no,no,yes,no,no,no,no,yes,1,0.081,0.073,0.2,ride,E86,E43
right,/t/,test,yes,no,no,yes,no,no,no,no,yes,1,0.124,0.064,0.209,right,E87,E43
road,/d/,test,yes,no,no,yes,no,no,no,no,yes,1,0.055,0.045,0.196,road,E88,E44
wrote,/t/,test,yes,no,no,yes,no,no,no,no,yes,1,0.198,0.044,0.188,wrote,E120,E44
cold,/d/,test,yes,no,no,no,no,yes,no,no,yes,1,0.082,0.049,0.22,cold,E10,E6
colt,/t/,test,yes,no,no,no,no,yes,no,no,yes,1,0.123,0.075,0.231,colt,E11,E6
household,/d/,exposure,no,no,no,no,no,yes,no,no,yes,2,0.065,0.034,0.201,household,NA,NA
card,/d/,test,yes,no,no,no,no,no,yes,no,no,1,0.068,0.051,0.226,card,E2,E2
cart,/t/,test,yes,no,no,no,no,no,yes,no,no,1,0.146,0.051,0.188,cart,E3,E2
charred,/d/,test,yes,no,no,no,no,no,yes,no,no,1,0.071,0.052,0.201,charred,E5,E3
chart,/t/,test,yes,no,no,no,no,no,yes,no,no,1,0.1,0.043,0.247,chart,E6,E3
court,/t/,test,yes,no,no,no,no,no,yes,no,no,1,0.168,0.035,0.201,court,E14,E7
ford,/d/,test,yes,no,no,no,no,no,yes,no,no,1,0.077,0.052,0.23,ford,E28,E14
fort,/t/,test,yes,no,no,no,no,no,yes,no,no,1,0.093,0.104,0.197,fort,E29,E14
hard,/d/,test,yes,no,no,no,no,no,yes,no,no,1,0.056,0.033,0.264,hard,E33,E17
heart,/t/,test,yes,no,no,no,no,no,yes,no,no,1,0.106,0.046,0.247,heart,E35,E17
herd,/d/,test,yes,no,no,no,no,no,yes,no,no,1,0.042,0.112,0.149,herd,E39,E19
hurt,/t/,test,yes,no,no,no,no,no,yes,no,no,1,0.119,0.049,0.199,hurt,E43,E19
unprepared,/d/,exposure,yes,no,no,no,no,no,yes,no,no,3,0.067,0.052,0.213,unprepared,NA,NA
unparalleled,/d/,exposure,no,no,yes,no,no,yes,no,no,no,4,0.058,0.052,0.187,unparalleled,NA,NA
emerald,/d/,exposure,no,no,no,yes,no,yes,no,no,no,3,0.063,0.055,0.17,emerald,NA,NA
apprehend,/d/,exposure,yes,no,no,no,yes,no,no,no,no,3,0.08,0.115,0.155,apprehend,NA,NA
cent,/t/,test,yes,no,no,no,yes,no,no,no,no,1,0.089,0.05,0.235,cent,E4,E50
comprehend,/d/,exposure,yes,no,no,no,yes,no,no,no,no,3,0.084,0.1,0.151,comprehend,NA,NA
concerned,/d/,exposure,yes,no,no,no,yes,no,no,no,no,2,0.08,0.06,0.2,concerned,NA,NA
correspond,/d/,exposure,yes,no,no,no,yes,no,no,no,no,3,0.056,0.062,0.212,correspond,NA,NA
fond,/d/,test,yes,no,no,no,yes,no,no,no,no,1,0.061,0.04,0.263,fond,E26,E13
font,/t/,test,yes,no,no,no,yes,no,no,no,no,1,0.081,0.089,0.192,font,E27,E13
send,/d/,test,yes,no,no,no,yes,no,no,no,no,1,0.057,0.06,0.266,send,E98,E50
command,/d/,exposure,yes,yes,no,no,yes,no,no,no,no,2,0.079,0.119,0.193,command,NA,NA
meant,/t/,test,yes,yes,no,no,yes,no,no,no,no,1,0.129,0.054,0.237,meant,E56,E28
mend,/d/,test,yes,yes,no,no,yes,no,no,no,no,1,0.055,0.068,0.232,mend,E58,E28
recommend,/d/,exposure,yes,yes,no,no,yes,no,no,no,no,3,0.095,0.095,0.161,recommend,NA,NA
reverend,/d/,exposure,no,no,no,yes,yes,no,no,no,no,3,0.08,0.12,0.073,reverend,NA,NA
aid,/d/,test,yes,no,no,no,no,no,no,no,no,1,0.077,0.079,0.216,aid,E1,E1
cod,/d/,test,yes,no,no,no,no,no,no,no,no,1,0.066,0.078,0.158,cod,E8,E4
cord,/d/,test,yes,no,no,no,no,no,no,no,no,1,0.057,0.046,0.218,cord,E12,E7
cot,/t/,test,yes,no,no,no,no,no,no,no,no,1,0.109,0.061,0.189,cot,E13,E4
cued,/d/,test,yes,no,no,no,no,no,no,no,no,1,0.065,0.067,0.163,cued,E15,E8
cute,/t/,test,yes,no,no,no,no,no,no,no,no,1,0.114,0.039,0.182,cute,E16,E8
dead,/d/,test,yes,no,no,no,no,no,no,no,no,1,0.068,0.07,0.189,dead,E17,E9
debt,/t/,test,yes,no,no,no,no,no,no,no,no,1,0.16,0.074,0.192,debt,E18,E9
eight,/t/,test,yes,no,no,no,no,no,no,no,no,1,0.143,0.068,0.232,eight,E19,E1
fad,/d/,test,yes,no,no,no,no,no,no,no,no,1,0.072,0.045,0.204,fad,E20,E10
fade,/d/,test,yes,no,no,no,no,no,no,no,no,1,0.047,0.069,0.188,fade,E21,E11
fat,/t/,test,yes,no,no,no,no,no,no,no,no,1,0.14,0.049,0.24,fat,E22,E10
fate,/t/,test,yes,no,no,no,no,no,no,no,no,1,0.122,0.052,0.171,fate,E23,E11
feed,/d/,test,yes,no,no,no,no,no,no,no,no,1,0.061,0.055,0.155,feed,E24,E12
feet,/t/,test,yes,no,no,no,no,no,no,no,no,1,0.121,0.046,0.19,feet,E25,E12
had,/d/,test,yes,no,no,no,no,no,no,no,no,1,0.068,0.081,0.168,had,E32,E16
haphazard,/d/,exposure,no,no,no,no,no,no,no,no,no,3,0.045,0.031,0.183,haphazard,NA,NA
hat,/t/,test,yes,no,no,no,no,no,no,no,no,1,0.149,0.069,0.192,hat,E34,E16
heat,/t/,test,yes,no,no,no,no,no,no,no,no,1,0.109,0.064,0.166,heat,E36,E18
heed,/d/,test,yes,no,no,no,no,no,no,no,no,1,0.069,0.08,0.187,heed,E37,E18
hid,/d/,test,yes,no,no,no,no,no,no,no,no,1,0.069,0.053,0.164,hid,E40,E20
hit,/t/,test,yes,no,no,no,no,no,no,no,no,1,0.141,0.043,0.178,hit,E42,E20
kid,/d/,test,yes,no,no,no,no,no,no,no,no,1,0.034,0.048,0.137,kid,E44,E22
kit,/t/,test,yes,no,no,no,no,no,no,no,no,1,0.103,0.064,0.138,kit,E45,E22
likelihood,/d/,exposure,no,no,no,no,no,no,no,no,no,3,0.08,0.054,0.184,likelihood,NA,NA
overhead,/d/,exposure,yes,no,no,no,no,no,no,no,no,3,0.073,0.031,0.179,overhead,NA,NA
pad,/d/,test,yes,no,no,no,no,no,no,no,no,1,0.075,0.022,0.168,pad,E74,E37
pat,/t/,test,yes,no,no,no,no,no,no,no,no,1,0.116,0.06,0.194,pat,E75,E37
pod,/d/,test,yes,no,no,no,no,no,no,no,no,1,0.071,0.083,0.173,pod,E82,E41
pot,/t/,test,yes,no,no,no,no,no,no,no,no,1,0.117,0.056,0.173,pot,E83,E41
preconceived,/d/,exposure,yes,no,no,no,no,no,no,yes,no,3,0.099,0.097,0.165,preconceived,NA,NA
reserved,/d/,exposure,yes,no,no,no,no,no,no,yes,no,2,0.046,0.131,0.218,reserved,NA,NA
sad,/d/,test,yes,no,no,no,no,no,no,no,no,1,0.04,0.056,0.226,sad,E93,E47
said,/d/,test,yes,no,no,no,no,no,no,no,no,1,0.053,0.065,0.187,said,E94,E48
sat,/t/,test,yes,no,no,no,no,no,no,no,no,1,0.105,0.07,0.199,sat,E95,E47
seat,/t/,test,yes,no,no,no,no,no,no,no,no,1,0.115,0.066,0.21,seat,E96,E49
seed,/d/,test,yes,no,no,no,no,no,no,no,no,1,0.076,0.064,0.166,seed,E97,E49
set,/t/,test,yes,no,no,no,no,no,no,no,no,1,0.095,0.069,0.224,set,E99,E48
skid,/d/,test,yes,no,no,no,no,no,no,no,no,1,0.075,0.048,0.136,skid,E102,E52
skit,/t/,test,yes,no,no,no,no,no,no,no,no,1,0.133,0.061,0.176,skit,E103,E52
spade,/d/,test,yes,no,no,no,no,no,no,no,no,1,0.08,0.077,0.211,spade,E108,E55
spate,/t/,test,yes,no,no,no,no,no,no,no,no,1,0.132,0.086,0.229,spate,E109,E55
Swede,/d/,test,yes,no,no,no,no,no,no,no,no,1,0.069,0.078,0.124,Swede,E110,E56
sweet,/t/,test,yes,no,no,no,no,no,no,no,no,1,0.137,0.089,0.145,sweet,E111,E56
wade,/d/,test,yes,no,no,no,no,no,no,no,no,1,0.069,0.064,0.171,wade,E112,E57
wait,/t/,test,yes,no,no,no,no,no,no,no,no,1,0.107,0.073,0.175,wait,E113,E57
wed,/d/,test,yes,no,no,no,no,no,no,no,no,1,0.064,0.079,0.147,wed,E114,E58
weed,/d/,test,yes,no,no,no,no,no,no,no,no,1,0.074,0.057,0.204,weed,E115,E59
wet,/t/,test,yes,no,no,no,no,no,no,no,no,1,0.18,0.093,0.163,wet,E116,E58
wheat,/t/,test,yes,no,no,no,no,no,no,no,no,1,0.147,0.066,0.13,wheat,E117,E59
knot,/t/,test,yes,yes,no,no,no,no,no,no,no,1,0.08,0.055,0.199,knot,E46,E34
lemonade,/d/,exposure,yes,yes,no,no,no,no,no,no,no,3,0.052,0.051,0.192,lemonade,NA,NA
mad,/d/,test,yes,yes,no,no,no,no,no,no,no,1,0.066,0.091,0.184,mad,E51,E25
made,/d/,test,yes,yes,no,no,no,no,no,no,no,1,0.058,0.063,0.194,made,E52,E26
marinade,/d/,exposure,yes,yes,no,no,no,no,no,no,no,3,0.071,0.047,0.196,marinade,NA,NA
mat,/t/,test,yes,yes,no,no,no,no,no,no,no,1,0.107,0.082,0.191,mat,E53,E25
mate,/t/,test,yes,yes,no,no,no,no,no,no,no,1,0.129,0.044,0.204,mate,E54,E26
mead,/d/,test,yes,yes,no,no,no,no,no,no,no,1,0.077,0.065,0.175,mead,E55,E27
meat,/t/,test,yes,yes,no,no,no,no,no,no,no,1,0.15,0.048,0.187,meat,E57,E27
mood,/d/,test,yes,yes,no,no,no,no,no,no,no,1,0.082,0.074,0.179,mood,E61,E30
moot,/t/,test,yes,yes,no,no,no,no,no,no,no,1,0.163,0.075,0.242,moot,E62,E30
mud,/d/,test,yes,yes,no,no,no,no,no,no,no,1,0.077,0.061,0.183,mud,E65,E32
mutt,/t/,test,yes,yes,no,no,no,no,no,no,no,1,0.176,0.078,0.162,mutt,E66,E32
neat,/t/,test,yes,yes,no,no,no,no,no,no,no,1,0.125,0.074,0.218,neat,E67,E33
need,/d/,test,yes,yes,no,no,no,no,no,no,no,1,0.061,0.086,0.156,need,E68,E33
nod,/d/,test,yes,yes,no,no,no,no,no,no,no,1,0.039,0.071,0.217,nod,E69,E34
note,/t/,test,yes,yes,no,no,no,no,no,no,no,1,0.107,0.055,0.2,note,E71,E35
pyramid,/d/,exposure,yes,yes,no,no,no,no,no,no,no,3,0.065,0.06,0.11,pyramid,NA,NA
invalid,/d/,exposure,no,no,yes,no,no,no,no,no,no,3,0.033,0.061,0.138,invalid,NA,NA
laid,/d/,test,yes,no,yes,no,no,no,no,no,no,1,0.069,0.088,0.204,laid,E47,E23
led,/d/,test,yes,no,yes,no,no,no,no,no,no,1,0.04,0.085,0.173,led,E49,E24
let,/t/,test,yes,no,yes,no,no,no,no,no,no,1,0.108,0.104,0.216,let,E50,E24
plate,/t/,test,yes,no,yes,no,no,no,no,no,no,1,0.122,0.058,0.195,plate,E76,E38
played,/d/,test,yes,no,yes,no,no,no,no,no,no,1,0.072,0.055,0.169,played,E77,E38
plead,/d/,test,yes,no,yes,no,no,no,no,no,no,1,0.091,0.074,0.173,plead,E78,E39
pleat,/t/,test,yes,no,yes,no,no,no,no,no,no,1,0.126,0.046,0.159,pleat,E79,E39
plod,/d/,test,yes,no,yes,no,no,no,no,no,no,1,0.063,0.06,0.127,plod,E80,E40
plot,/t/,test,yes,no,yes,no,no,no,no,no,no,1,0.123,0.049,0.215,plot,E81,E40
slid,/d/,test,yes,no,yes,no,no,no,no,no,no,1,0.053,0.091,0.141,slid,E104,E53
slit,/t/,test,yes,no,yes,no,no,no,no,no,no,1,0.127,0.048,0.141,slit,E107,E54
late,/t/,test,yes,no,yes,no,no,no,no,no,no,1,0.093,0.079,0.206,late,E48,E23
raid,/d/,test,yes,no,no,yes,no,no,no,no,no,1,0.091,0.071,0.155,raid,E84,E42
rate,/t/,test,yes,no,no,yes,no,no,no,no,no,1,0.107,0.047,0.146,rate,E85,E42
rod,/d/,test,yes,no,no,yes,no,no,no,no,no,1,0.07,0.07,0.178,rod,E89,E45
root,/t/,test,yes,no,no,yes,no,no,no,no,no,1,0.13,0.035,0.136,root,E90,E46
rot,/t/,test,yes,no,no,yes,no,no,no,no,no,1,0.126,0.068,0.166,rot,E91,E45
rude,/d/,test,yes,no,no,yes,no,no,no,no,no,1,0.062,0.066,0.157,rude,E92,E46
unmarried,/d/,exposure,no,no,no,yes,no,no,no,no,no,3,0.057,0.044,0.116,unmarried,NA,NA